date,pm25,pm10,o3,no2,so2,co,AQI
2023/11/1,186,199,39,53,8,12,199
2023/11/2,252,240,37,76,6,16,252
2023/11/3,275,258,16,81,7,16,275
2023/11/4,288,286,50,68,13,17,288
2023/11/5,313,232,50,71,8,12,313
2023/11/6,267,227,57,80,11,15,267
2023/11/7,246,232,53,82,8,12,246
2023/11/8,256,304,52,67,9,12,304
2023/11/9,307,123,19,45,9,8,307
2023/11/10,186,94,3,33,6,4,186
2023/11/11,170,,,,,,170
2023/10/1,108,84,38,17,8,6,108
2023/10/2,114,95,36,19,8,5,114
2023/10/3,113,100,45,17,9,5,113
2023/10/4,129,103,43,28,10,8,129
2023/10/5,133,122,40,37,11,10,133
2023/10/6,149,105,25,31,7,8,149
2023/10/7,129,89,31,31,8,8,129
2023/10/8,113,91,19,27,7,9,113
2023/10/9,114,108,34,33,6,6,114
2023/10/10,136,99,27,19,6,7,136
2023/10/11,129,114,35,27,9,10,129
2023/10/12,155,121,52,37,10,10,155
2023/10/13,167,117,24,36,9,10,167
2023/10/14,156,93,12,31,9,7,156
2023/10/15,121,89,16,19,6,5,121
2023/10/16,101,51,10,27,6,8,101
2023/10/17,66,64,19,20,7,4,66
2023/10/18,92,78,14,26,8,6,92
2023/10/19,117,91,38,27,7,8,117
2023/10/20,146,111,33,41,7,10,146
2023/10/21,171,119,35,34,9,6,171
2023/10/22,154,111,23,35,9,8,154
2023/10/23,160,97,34,30,11,7,160
2023/10/24,147,124,20,42,9,6,147
2023/10/25,168,123,60,43,7,10,168
2023/10/26,157,134,77,42,12,5,157
2023/10/27,172,159,57,72,11,10,172
2023/10/28,200,161,51,52,11,9,200
2023/10/29,200,192,56,48,13,10,200
2023/10/30,210,199,40,46,8,10,210
2023/10/31,226,131,47,47,6,13,226
2023/7/1,33,37,18,11,4,6,37
2023/7/2,47,78,37,14,3,6,78
2023/7/3,113,81,26,18,4,5,113
2023/7/4,96,50,3,9,4,4,96
2023/7/5,74,37,1,11,2,4,74
2023/7/6,68,36,7,11,3,4,68
2023/7/7,55,26,7,12,4,3,55
2023/7/8,47,22,6,10,2,2,47
2023/7/10,45,24,13,10,1,9,45
2023/7/11,44,25,15,9,4,8,44
2023/7/12,48,32,16,11,4,8,48
2023/7/13,54,47,20,12,4,12,54
2023/7/14,87,56,25,14,2,6,87
2023/7/15,90,49,32,16,2,10,90
2023/7/16,69,66,11,17,1,12,69
2023/7/17,93,45,10,13,1,7,93
2023/7/18,73,38,14,16,2,7,73
2023/7/19,54,70,22,15,2,13,70
2023/7/20,74,73,20,15,2,9,74
2023/7/21,93,53,19,10,2,7,93
2023/7/22,72,43,20,10,2,7,72
2023/7/23,56,48,18,11,1,7,56
2023/7/24,57,49,14,12,3,8,57
2023/7/25,67,23,14,12,3,9,67
2023/7/26,35,57,15,15,4,9,57
2023/7/27,82,49,16,14,2,8,82
2023/7/28,77,30,16,15,1,8,77
2023/7/29,38,53,39,15,4,9,53
2023/7/30,67,66,37,13,6,7,67
2023/7/31,93,66,35,13,2,9,93
2023/8/1,59,66,19,16,4,7,66
2023/8/2,62,61,62,15,7,6,62
2023/8/3,66,54,20,16,4,6,66
2023/8/4,64,60,27,16,5,8,64
2023/8/5,82,69,21,17,5,6,82
2023/8/6,73,73,22,15,6,5,73
2023/8/7,58,85,33,15,6,5,85
2023/8/8,60,88,31,20,6,6,88
2023/8/9,66,80,16,17,7,5,80
2023/8/10,64,84,18,15,2,4,84
2023/8/11,70,91,22,15,2,4,91
2023/8/12,67,75,20,20,3,4,75
2023/8/13,55,75,18,16,3,4,75
2023/8/14,71,63,18,14,1,6,71
2023/8/15,81,85,27,18,1,5,85
2023/8/16,91,96,18,15,2,4,96
2023/8/17,78,98,19,15,3,3,98
2023/8/18,78,53,13,16,5,8,78
2023/8/19,75,49,11,15,5,4,75
2023/8/20,70,60,35,15,8,4,70
2023/8/21,75,65,15,15,5,5,75
2023/8/22,74,30,6,25,5,5,74
2023/8/23,44,74,16,18,5,6,74
2023/8/24,71,79,15,19,5,5,79
2023/8/25,68,100,17,14,5,4,100
2023/8/26,79,116,16,14,4,3,116
2023/8/27,92,102,17,13,5,4,102
2023/8/28,84,92,17,13,5,4,92
2023/8/29,79,88,26,12,6,3,88
2023/8/30,83,92,24,15,4,4,92
2023/8/31,89,92,18,15,5,4,92
2023/9/1,79,94,17,13,5,3,94
2023/9/2,73,93,19,14,6,4,93
2023/9/3,79,86,21,14,6,3,86
2023/9/4,76,62,24,14,6,7,76
2023/9/5,65,74,12,26,5,5,74
2023/9/6,75,75,42,24,4,5,75
2023/9/7,94,45,14,12,6,4,94
2023/9/8,47,17,10,9,6,3,47
2023/9/9,19,7,10,7,3,3,19
2023/9/10,15,25,13,11,7,5,25
2023/9/11,34,46,14,14,2,6,46
2023/9/12,67,65,10,21,4,8,67
2023/9/13,92,74,10,20,3,6,92
2023/9/14,116,44,9,12,4,6,116
2023/9/15,70,29,8,10,6,3,70
2023/9/16,50,23,12,8,5,3,50
2023/9/17,40,30,15,10,6,4,40
2023/9/18,53,46,12,16,7,7,53
2023/9/19,60,79,24,22,6,8,79
2023/9/20,111,68,22,26,5,7,111
2023/9/21,91,69,16,17,4,6,91
2023/9/22,93,63,11,19,7,7,93
2023/9/23,94,72,22,26,7,7,94
2023/9/24,117,65,43,16,7,4,117
2023/9/25,105,76,21,15,6,5,105
2023/9/26,121,76,27,14,7,5,121
2023/9/27,98,93,36,16,6,6,98
2023/9/28,106,87,31,19,5,6,106
2023/9/29,110,87,38,16,6,5,110
2023/9/30,116,84,30,13,5,4,116
2023/4/3,94,83,43,27,10,10,94
2023/4/4,108,105,42,33,7,9,108
2023/4/5,119,104,38,33,5,7,119
2023/4/6,87,103,41,35,7,7,103
2023/4/7,113,109,54,43,7,8,113
2023/4/8,112,120,60,46,8,8,120
2023/4/9,127,140,67,50,11,12,140
2023/4/10,134,168,46,51,17,6,168
2023/4/11,133,121,43,42,15,5,133
2023/4/12,115,155,43,56,10,11,155
2023/4/13,115,152,54,66,8,12,152
2023/4/14,133,167,59,79,11,7,167
2023/4/15,163,152,53,56,14,9,163
2023/4/17,103,163,40,61,12,7,163
2023/4/18,127,184,43,36,5,6,184
2023/4/19,114,100,43,37,9,6,114
2023/4/20,96,86,45,30,5,4,96
2023/4/21,76,89,49,32,6,7,89
2023/4/22,85,114,37,30,6,7,114
2023/4/23,68,119,43,36,12,6,119
2023/4/24,112,94,48,39,3,7,112
2023/4/25,107,132,66,57,16,6,132
2023/4/26,149,114,57,53,13,6,149
2023/4/27,128,92,33,47,11,7,128
2023/4/28,119,131,44,41,10,7,131
2023/4/29,125,59,37,25,4,4,125
2023/4/30,93,45,20,16,4,5,93
2023/5/1,80,40,27,15,4,5,80
2023/5/2,71,54,31,23,4,3,71
2023/5/3,93,69,57,30,4,6,93
2023/5/4,107,114,75,38,5,9,114
2023/5/5,145,151,36,37,14,7,151
2023/5/6,150,108,49,34,18,4,150
2023/5/7,120,71,41,26,7,5,120
2023/5/8,93,108,79,31,8,7,108
2023/5/9,132,115,68,35,9,9,132
2023/5/10,123,140,80,51,8,6,140
2023/5/11,146,116,74,53,9,6,146
2023/5/12,136,,82,42,21,5,136
2023/5/13,148,,80,31,9,5,148
2023/5/14,135,127,60,31,5,5,135
2023/5/15,73,399,45,28,7,6,399
2023/5/16,139,167,36,33,19,6,167
2023/5/17,114,71,58,21,9,4,114
2023/5/18,79,90,64,22,8,5,90
2023/5/19,106,,,,,,106
2023/5/22,93,130,43,29,4,4,130
2023/5/23,95,73,29,18,11,4,95
2023/5/24,64,89,78,19,6,5,89
2023/5/25,59,59,63,26,5,7,59
2023/5/26,57,73,39,29,6,7,73
2023/5/27,95,81,65,29,6,5,95
2023/5/28,119,90,35,24,3,,119
2023/5/29,85,63,43,25,5,6,85
2023/5/30,90,52,43,21,4,4,90
2023/5/31,73,73,52,17,11,5,73
2023/6/1,108,74,56,16,9,5,108
2023/6/2,93,94,69,23,11,8,94
2023/6/3,117,100,49,27,10,6,117
2023/6/4,128,97,69,22,9,5,128
2023/6/5,111,111,47,18,8,6,111
2023/6/6,88,179,57,19,6,5,179
2023/6/7,118,112,52,19,9,6,118
2023/6/8,111,106,58,21,8,3,111
2023/6/9,95,111,45,16,6,5,111
2023/6/10,84,94,44,13,7,4,94
2023/6/11,73,109,45,13,5,4,109
2023/6/12,76,153,27,14,6,4,153
2023/6/13,93,142,23,11,5,3,142
2023/6/14,73,100,22,11,8,5,100
2023/6/15,78,84,54,17,7,8,84
2023/6/16,76,77,20,19,8,5,77
2023/6/17,79,60,14,17,5,4,79
2023/6/18,66,50,10,15,5,5,66
2023/6/19,58,53,21,12,5,4,58
2023/6/20,69,68,51,18,5,6,69
2023/6/21,85,86,20,20,3,5,86
2023/6/22,97,84,17,15,4,4,97
2023/6/23,95,71,13,15,3,4,95
2023/6/24,99,35,10,14,4,3,99
2023/6/25,70,46,12,12,5,5,70
2023/6/26,76,37,15,12,6,2,76
2023/6/27,58,51,23,13,1,6,58
2023/6/28,61,41,11,11,1,4,61
2023/6/29,65,29,14,10,4,3,65
2023/6/30,48,27,15,9,2,3,48
2023/1/2,188,141,7,33,27,6,188
2023/1/3,212,161,3,38,7,9,212
2023/1/4,186,161,10,35,12,11,186
2023/1/5,205,181,15,39,7,9,205
2023/1/6,215,153,18,39,12,9,215
2023/1/7,194,149,13,39,8,12,194
2023/1/8,211,165,9,39,3,14,211
2023/1/9,234,152,13,40,6,8,234
2023/1/10,199,119,6,36,9,9,199
2023/1/11,181,120,13,32,7,10,181
2023/1/12,182,133,20,39,8,12,182
2023/1/13,193,126,21,32,3,5,193
2023/1/14,181,83,35,30,4,4,181
2023/1/15,126,127,35,46,5,11,127
2023/1/16,172,113,32,44,6,8,172
2023/1/17,158,141,32,50,8,12,158
2023/1/18,179,170,44,59,13,13,179
2023/1/19,198,84,25,40,8,6,198
2023/1/20,128,143,30,46,7,12,143
2023/1/21,195,159,28,46,5,13,195
2023/1/22,215,149,27,49,6,16,215
2023/1/23,187,77,16,39,5,4,187
2023/1/24,118,89,8,39,3,8,118
2023/1/25,155,110,10,35,2,7,155
2023/1/26,178,89,32,36,5,5,178
2023/1/27,147,106,34,42,6,9,147
2023/1/28,156,125,5,45,7,9,156
2023/1/29,189,42,17,31,4,14,189
2023/1/30,91,75,18,37,1,4,91
2023/1/31,133,76,26,36,3,6,133
2023/2/1,137,85,31,38,5,6,137
2023/2/2,128,108,39,48,10,7,128
2023/2/3,151,124,40,50,10,7,151
2023/2/4,165,104,35,46,7,8,165
2023/2/5,140,125,32,50,7,15,140
2023/2/6,172,118,25,42,5,7,172
2023/2/7,143,89,38,42,4,7,143
2023/2/8,114,103,30,54,8,7,114
2023/2/9,143,90,25,40,8,8,143
2023/2/10,141,120,38,38,6,6,141
2023/2/11,170,89,35,37,5,5,170
2023/2/12,95,100,37,27,5,5,100
2023/2/13,75,83,38,36,8,6,83
2023/2/14,101,104,42,41,11,7,104
2023/2/15,141,133,36,50,7,13,141
2023/2/16,182,172,39,51,5,15,182
2023/2/17,210,152,53,51,6,10,210
2023/2/18,193,139,36,49,6,9,193
2023/2/19,190,161,37,44,5,8,190
2023/2/20,206,125,47,43,7,7,206
2023/2/21,168,115,34,39,4,7,168
2023/2/22,156,110,30,41,4,5,156
2023/2/23,127,107,37,48,9,7,127
2023/2/24,128,128,45,52,14,8,128
2023/2/25,160,132,45,52,12,9,160
2023/2/26,176,127,35,48,8,7,176
2023/2/27,160,115,36,46,9,10,160
2023/2/28,146,104,23,44,6,9,146
2023/3/1,117,107,29,41,7,5,117
2023/3/2,137,79,29,37,6,4,137
2023/3/3,99,89,27,35,13,6,99
2023/3/4,95,79,31,33,11,5,95
2023/3/5,108,79,36,34,8,7,108
2023/3/6,109,96,39,41,7,10,109
2023/3/7,129,108,36,36,7,12,129
2023/3/8,153,61,33,37,6,6,153
2023/3/9,99,100,36,34,6,7,100
2023/3/10,129,123,51,40,9,10,129
2023/3/11,141,150,61,41,9,11,150
2023/3/12,156,145,45,36,7,9,156
2023/3/13,151,149,43,39,9,9,151
2023/3/14,151,189,70,45,12,12,189
2023/3/15,179,126,36,39,10,7,179
2023/3/16,146,122,27,40,18,7,146
2023/3/17,150,88,23,30,10,4,150
2023/3/18,130,85,30,32,4,13,130
2023/3/19,144,83,19,31,4,5,144
2023/3/20,123,35,32,23,8,5,123
2023/3/21,72,128,6,32,6,14,128
2023/3/22,141,113,32,28,6,8,141
2023/3/23,132,104,16,30,3,7,132
2023/3/24,142,46,20,25,10,9,142
2023/3/25,67,100,32,27,6,5,100
2023/3/26,122,91,40,27,8,6,122
2023/3/27,111,105,46,30,8,9,111
2023/3/28,127,123,51,40,10,8,127
2023/3/29,143,119,52,31,7,6,143
2023/3/30,125,27,43,26,8,5,125
2023/3/31,55,,,,,,55
2022/10/1,137,100,34,17,3,,137
2022/10/2,126,84,34,12,3,,126
2022/10/3,91,89,45,44,4,,91
2022/10/4,106,99,30,,2,,106
2022/10/5,136,31,11,60,4,,136
2022/10/6,32,18,9,28,3,,32
2022/10/7,20,12,10,75,3,,20
2022/10/8,25,4,8,9,,,25
2022/10/9,7,9,9,9,2,,9
2022/10/10,16,41,8,17,4,,41
2022/10/11,66,77,30,22,3,,77
2022/10/12,120,92,38,22,4,,120
2022/10/13,117,100,39,21,4,,117
2022/10/14,134,147,57,26,5,,147
2022/10/15,148,166,65,30,5,,166
2022/10/16,171,,,,,,171
2022/10/24,191,121,61,27,8,7,191
2022/10/25,159,145,67,37,8,12,159
2022/10/26,185,172,68,42,11,14,185
2022/10/27,206,194,48,40,8,16,206
2022/10/28,226,235,46,40,7,22,235
2022/10/29,243,224,60,39,7,17,243
2022/10/30,235,259,48,43,13,16,259
2022/10/31,257,226,48,42,7,10,257
2022/11/1,260,231,63,38,9,13,260
2022/11/2,230,392,44,38,6,13,392
2022/11/3,351,271,27,40,7,14,351
2022/11/4,283,137,24,29,6,8,283
2022/11/5,196,137,37,31,5,4,196
2022/11/6,193,152,35,30,6,12,193
2022/11/7,204,169,28,25,5,5,204
2022/11/8,229,153,31,29,7,13,229
2022/11/9,195,182,39,32,5,13,195
2022/11/10,234,156,34,32,7,5,234
2022/11/11,200,147,39,34,7,12,200
2022/11/12,181,137,44,40,9,11,181
2022/11/13,179,156,27,46,7,13,179
2022/11/14,202,116,27,39,5,14,202
2022/11/15,156,110,26,35,2,4,156
2022/11/16,146,120,31,33,3,8,146
2022/11/17,158,151,33,41,5,9,158
2022/11/18,177,178,28,42,3,12,178
2022/11/19,188,154,30,45,4,9,188
2022/11/20,189,128,30,42,3,10,189
2022/11/21,169,121,29,39,4,7,169
2022/11/22,151,139,27,41,6,10,151
2022/11/23,157,129,27,41,5,19,157
2022/11/24,151,161,28,51,4,12,161
2022/11/25,194,153,51,43,5,13,194
2022/11/26,183,149,55,47,5,15,183
2022/11/27,184,151,47,47,4,16,184
2022/11/28,189,179,35,52,2,17,189
2022/11/29,206,249,50,52,5,22,249
2022/11/30,244,194,55,53,5,20,244
2022/12/1,220,216,35,69,5,26,220
2022/12/2,230,245,38,65,6,24,245
2022/12/3,259,230,55,61,2,24,259
2022/12/4,256,164,47,52,3,15,256
2022/12/5,194,148,58,43,2,9,194
2022/12/6,186,133,40,41,7,10,186
2022/12/7,169,130,44,44,8,8,169
2022/12/8,175,155,44,48,5,17,175
2022/12/9,191,164,48,47,3,8,191
2022/12/10,207,118,42,43,6,6,207
2022/12/11,168,105,41,40,7,7,168
2022/12/12,151,94,29,33,5,5,151
2022/12/13,112,91,31,30,3,6,112
2022/12/14,127,110,33,40,6,8,127
2022/12/15,145,134,39,45,8,16,145
2022/12/16,173,157,42,45,3,16,173
2022/12/17,199,215,34,45,1,12,215
2022/12/18,260,172,28,39,2,12,260
2022/12/19,237,143,23,36,2,8,237
2022/12/20,206,121,18,31,1,8,206
2022/12/21,184,143,11,32,1,10,184
2022/12/22,188,118,18,35,,9,188
2022/12/23,185,124,30,37,5,7,185
2022/12/24,181,135,22,34,4,8,181
2022/12/25,189,122,8,35,4,9,189
2022/12/26,181,129,22,40,3,9,181
2022/12/27,190,127,34,37,4,7,190
2022/12/28,177,144,10,42,8,9,177
2022/12/29,204,158,19,35,6,14,204
2022/12/30,224,140,18,36,3,6,224
2022/12/31,198,109,33,41,7,9,198
2023/1/1,178,118,18,33,4,7,178
2022/7/1,60,51,5,15,6,,60
2022/7/2,70,43,40,16,7,,70
2022/7/3,66,72,8,21,5,,72
2022/7/4,115,63,6,14,5,,115
2022/7/5,104,53,18,13,6,,104
2022/7/6,80,51,20,14,11,,80
2022/7/7,65,60,20,18,4,,65
2022/7/8,65,48,15,13,14,14,65
2022/7/9,61,46,20,16,8,18,61
2022/7/10,65,63,29,19,10,13,65
2022/7/11,82,38,19,17,8,10,82
2022/7/12,51,39,24,15,7,12,51
2022/7/13,45,42,10,15,6,15,45
2022/7/14,52,39,15,13,4,10,52
2022/7/15,43,37,10,17,2,6,43
2022/7/16,54,30,9,13,3,4,54
2022/7/17,48,56,12,14,6,8,56
2022/7/18,73,62,17,16,7,8,73
2022/7/19,79,59,12,16,9,10,79
2022/7/20,86,54,3,16,6,,86
2022/7/21,90,43,4,14,21,,90
2022/7/22,76,33,4,9,6,,76
2022/7/23,56,31,6,9,7,,56
2022/7/24,49,32,8,8,4,,49
2022/7/25,44,31,7,8,5,,44
2022/7/26,50,37,6,9,5,,50
2022/7/27,62,43,44,11,3,,62
2022/7/28,56,34,19,10,3,,56
2022/7/29,43,45,12,10,8,,45
2022/7/30,54,37,30,10,6,,54
2022/7/31,56,51,48,9,15,,56
2022/8/1,60,69,48,8,7,,69
2022/8/2,75,95,35,12,4,,95
2022/8/3,120,56,14,5,5,,120
2022/8/4,87,44,2,4,5,,87
2022/8/5,69,61,5,7,2,,69
2022/8/6,89,42,2,4,4,,89
2022/8/7,64,73,5,6,7,,73
2022/8/8,84,61,6,4,2,,84
2022/8/9,72,50,4,4,2,,72
2022/8/10,53,33,3,2,1,,53
2022/8/11,28,34,3,3,1,,34
2022/8/12,31,44,5,10,4,,44
2022/8/13,60,46,5,13,4,,60
2022/8/14,64,25,6,9,2,,64
2022/8/15,27,28,5,8,7,,28
2022/8/16,28,32,7,12,5,,32
2022/8/17,35,63,17,21,4,,63
2022/8/18,61,53,11,13,3,,61
2022/8/19,44,64,10,16,2,,64
2022/8/20,76,68,18,12,2,,76
2022/8/21,85,57,9,12,5,,85
2022/8/22,67,42,12,9,4,,67
2022/8/23,45,37,7,11,5,,45
2022/8/24,41,68,15,19,6,,68
2022/8/25,76,65,12,12,4,,76
2022/8/26,64,70,13,11,4,,70
2022/8/27,58,87,14,13,3,,87
2022/8/28,74,78,10,16,3,,78
2022/8/29,76,86,15,26,4,,86
2022/8/30,102,86,11,20,4,,102
2022/8/31,87,80,16,17,3,,87
2022/9/1,95,108,4,30,3,,108
2022/9/2,135,80,5,17,3,,135
2022/9/3,71,69,7,16,4,,71
2022/9/4,58,65,11,14,3,,65
2022/9/5,60,71,5,14,3,,71
2022/9/6,75,72,10,16,8,,75
2022/9/7,80,75,14,17,3,,80
2022/9/8,104,64,12,14,4,,104
2022/9/9,99,63,8,11,2,,99
2022/9/10,100,48,8,13,6,,100
2022/9/11,67,49,10,13,5,,67
2022/9/12,62,31,8,10,7,,62
2022/9/13,33,27,7,10,2,,33
2022/9/14,31,16,11,7,2,,31
2022/9/15,29,13,11,10,3,,29
2022/9/16,28,56,37,15,6,,56
2022/9/17,74,74,38,15,2,,74
2022/9/18,90,89,25,18,5,,90
2022/9/19,116,63,14,18,1,,116
2022/9/20,75,55,10,18,2,,75
2022/9/21,79,27,3,12,1,,79
2022/9/22,52,17,11,20,4,,52
2022/9/23,38,21,9,10,3,,38
2022/9/24,50,36,24,15,1,,50
2022/9/25,52,50,22,14,1,,52
2022/9/26,69,74,23,17,,,74
2022/9/27,81,85,31,16,2,,85
2022/9/28,102,89,34,17,2,,102
2022/9/29,119,97,33,21,3,,119
2022/9/30,143,98,34,18,4,,143
2022/4/1,116,140,81,39,8,,140
2022/4/2,146,142,86,33,31,,146
2022/4/3,151,180,69,39,15,15,180
2022/4/4,147,153,49,37,8,23,153
2022/4/5,136,173,55,38,9,21,173
2022/4/6,147,189,54,45,12,21,189
2022/4/7,148,161,74,41,18,17,161
2022/4/8,150,191,58,43,13,27,191
2022/4/9,149,206,49,31,,23,206
2022/4/10,153,169,59,45,3,17,169
2022/4/11,149,173,32,31,9,17,173
2022/4/12,146,179,50,44,7,42,179
2022/4/13,133,263,47,23,3,31,263
2022/4/14,130,124,60,25,6,24,130
2022/4/15,130,159,48,34,1,16,159
2022/4/16,158,137,54,34,5,15,158
2022/4/17,139,189,74,43,5,27,189
2022/4/18,150,271,47,35,5,19,271
2022/4/19,175,170,35,30,1,9,175
2022/4/20,131,297,13,32,3,13,297
2022/4/21,147,161,66,25,2,20,161
2022/4/22,119,159,45,36,2,26,159
2022/4/23,149,175,54,30,1,15,175
2022/4/24,144,167,57,27,4,6,167
2022/4/25,130,209,47,35,5,,209
2022/4/26,165,247,64,59,4,,247
2022/4/27,197,236,81,69,4,,236
2022/4/28,188,270,52,51,6,,270
2022/4/29,191,226,61,53,12,,226
2022/4/30,184,147,21,20,7,,184
2022/5/1,125,118,30,18,4,,125
2022/5/2,116,154,31,20,5,,154
2022/5/3,145,100,32,20,4,,145
2022/5/4,114,93,45,29,6,,114
2022/5/5,119,142,48,39,14,,142
2022/5/6,162,122,32,33,10,,162
2022/5/7,139,100,35,23,5,,139
2022/5/8,133,83,24,17,12,,133
2022/5/9,112,79,36,18,12,,112
2022/5/10,104,89,41,19,12,,104
2022/5/11,119,96,36,23,9,,119
2022/5/12,122,99,62,24,7,,122
2022/5/13,119,164,52,44,18,,164
2022/5/14,152,182,70,47,5,,182
2022/5/15,170,274,26,26,5,,274
2022/5/16,150,105,57,22,10,,150
2022/5/17,105,103,38,20,3,,105
2022/5/18,111,139,71,28,5,,139
2022/5/19,153,157,56,27,17,,157
2022/5/20,149,174,42,25,10,,174
2022/5/21,110,92,57,24,12,,110
2022/5/22,102,47,23,15,6,,102
2022/5/23,57,55,33,17,9,,57
2022/5/24,81,95,55,24,7,,95
2022/5/25,125,117,67,26,9,,125
2022/5/26,164,112,45,29,8,,164
2022/5/27,122,143,44,25,14,,143
2022/5/28,115,143,47,22,12,,143
2022/5/29,118,110,31,24,17,,118
2022/5/30,119,154,49,33,9,,154
2022/5/31,149,162,38,37,6,,162
2022/6/1,136,134,34,34,9,,136
2022/6/2,127,169,44,43,18,,169
2022/6/3,137,143,40,45,7,,143
2022/6/4,131,140,35,33,12,,140
2022/6/5,99,119,58,37,6,,119
2022/6/6,90,237,36,38,11,,237
2022/6/7,133,285,42,31,3,,285
2022/6/8,134,149,32,33,1,,149
2022/6/9,101,215,54,31,9,,215
2022/6/10,118,208,24,31,12,,208
2022/6/11,133,170,34,32,12,,170
2022/6/12,133,143,28,26,12,,143
2022/6/13,90,157,74,17,15,,157
2022/6/14,93,107,20,18,12,,107
2022/6/15,64,83,23,25,13,,83
2022/6/16,61,49,11,22,11,,61
2022/6/17,55,45,7,16,12,,55
2022/6/18,64,72,33,19,12,,72
2022/6/19,100,94,18,25,11,,100
2022/6/20,121,94,15,25,11,16,121
2022/6/21,110,87,30,17,7,15,110
2022/6/22,111,95,36,18,6,13,111
2022/6/23,105,103,43,20,8,17,105
2022/6/24,99,121,46,29,10,9,121
2022/6/25,132,76,22,16,10,7,132
2022/6/26,103,73,18,15,10,25,103
2022/6/27,104,86,22,15,8,24,104
2022/6/28,133,79,13,16,7,10,133
2022/6/29,103,37,7,13,7,,103
2022/6/30,55,45,5,18,5,,55
2022/1/3,307,296,95,51,5,35,307
2022/1/4,291,309,8,29,2,28,309
2022/1/5,329,78,12,15,5,13,329
2022/1/6,150,69,10,13,,10,150
2022/1/7,147,43,14,10,1,3,147
2022/1/8,111,41,9,11,1,3,111
2022/1/9,105,184,13,16,3,11,184
2022/1/10,147,229,13,15,2,7,229
2022/1/11,156,103,2,18,4,11,156
2022/1/12,171,158,,22,3,15,171
2022/1/13,220,151,,19,,6,220
2022/1/14,199,111,,14,2,9,199
2022/1/15,175,167,,20,2,10,175
2022/1/16,205,206,,20,1,10,206
2022/1/17,233,185,,17,1,10,233
2022/1/18,219,247,,18,1,19,247
2022/1/19,245,205,,14,,15,245
2022/1/20,246,183,,20,2,16,246
2022/1/21,232,108,,12,3,8,232
2022/1/22,186,98,,14,3,14,186
2022/1/23,179,119,,18,2,13,179
2022/1/24,186,159,,18,3,14,186
2022/1/25,184,147,,15,3,11,184
2022/1/26,191,186,,16,2,14,191
2022/1/27,217,154,,31,7,5,217
2022/1/28,170,174,,38,4,14,174
2022/1/29,183,158,,35,3,8,183
2022/1/30,190,272,,23,5,15,272
2022/1/31,297,190,,16,4,13,297
2022/2/1,252,171,,17,4,12,252
2022/2/2,234,189,,9,4,5,234
2022/2/3,248,67,,8,3,10,248
2022/2/4,135,99,,14,2,12,135
2022/2/5,158,184,,34,4,8,184
2022/2/6,227,146,,30,8,7,227
2022/2/7,190,151,,22,7,14,190
2022/2/8,199,91,,19,4,9,199
2022/2/9,149,108,,35,7,8,149
2022/2/10,156,112,,38,6,7,156
2022/2/11,141,202,,47,7,9,202
2022/2/12,194,140,,57,11,14,194
2022/2/13,178,280,1,48,11,13,280
2022/2/14,230,158,55,35,2,9,230
2022/2/15,187,182,24,33,9,14,187
2022/2/16,193,169,52,36,11,13,193
2022/2/17,183,173,105,37,11,15,183
2022/2/18,192,144,50,29,9,6,192
2022/2/19,163,138,59,17,14,,163
2022/2/20,162,148,61,30,13,16,162
2022/2/21,161,161,71,20,10,4,161
2022/2/22,182,121,38,18,8,8,182
2022/2/23,182,181,46,33,4,5,182
2022/2/24,228,183,39,28,4,10,228
2022/2/25,220,45,28,14,2,7,220
2022/2/26,58,69,34,18,5,,69
2022/2/27,107,81,38,22,7,9,107
2022/2/28,107,113,55,27,7,,113
2022/3/1,169,126,45,34,7,13,169
2022/3/2,138,131,35,34,7,7,138
2022/3/3,156,117,31,20,2,,156
2022/3/4,160,102,37,20,6,,160
2022/3/5,137,130,52,34,6,1,137
2022/3/6,165,217,48,49,8,8,217
2022/3/7,222,149,38,31,9,8,222
2022/3/8,181,130,36,28,6,,181
2022/3/9,141,118,36,23,7,19,141
2022/3/10,140,125,37,23,4,,140
2022/3/11,145,131,40,28,5,6,145
2022/3/12,149,156,49,37,5,8,156
2022/3/13,170,152,54,53,7,,170
2022/3/14,191,187,50,39,11,12,191
2022/3/15,204,193,31,15,5,5,204
2022/3/16,165,154,31,19,7,20,165
2022/3/17,188,176,35,17,3,18,188
2022/3/18,233,146,33,21,8,14,233
2022/3/19,195,252,27,32,7,21,252
2022/3/20,268,235,36,21,4,16,268
2022/3/21,224,162,32,14,6,11,224
2022/3/22,152,212,39,26,11,22,212
2022/3/23,184,302,28,30,9,17,302
2022/3/24,204,175,31,19,5,11,204
2022/3/25,162,269,35,19,6,7,269
2022/3/26,157,202,41,26,5,,202
2022/3/27,158,262,46,45,12,19,262
2022/3/28,192,298,38,36,6,28,298
2022/3/29,191,186,51,43,8,,191
2022/3/30,157,180,43,36,20,15,180
2022/3/31,178,116,46,22,3,12,178
2021/10/1,154,105,26,,6,3,154
2021/10/2,155,110,83,,8,7,155
2021/10/3,126,106,48,11,9,6,126
2021/10/4,117,87,26,23,8,5,117
2021/10/5,122,89,23,13,4,5,122
2021/10/6,135,114,38,17,8,7,135
2021/10/7,152,133,37,26,7,10,152
2021/10/8,156,156,39,29,9,13,156
2021/10/9,164,149,44,27,9,15,164
2021/10/10,166,130,31,30,10,19,166
2021/10/11,158,144,38,27,9,11,158
2021/10/12,161,141,43,16,7,9,161
2021/10/13,167,142,61,23,7,11,167
2021/10/14,165,146,90,31,7,15,165
2021/10/15,171,214,44,35,11,16,214
2021/10/16,263,99,10,16,7,6,263
2021/10/17,151,18,13,8,4,6,151
2021/10/18,30,90,30,17,7,8,90
2021/10/19,133,212,34,38,10,16,212
2021/10/20,210,230,38,38,11,12,230
2021/10/21,177,172,26,32,10,11,177
2021/10/22,168,147,33,27,17,11,168
2021/10/23,184,98,26,17,8,7,184
2021/10/24,156,65,34,20,6,7,156
2021/10/25,99,132,35,29,5,11,132
2021/10/26,156,170,40,31,8,8,170
2021/10/27,194,208,44,35,10,14,208
2021/10/28,216,269,30,42,13,19,269
2021/10/29,254,217,34,39,9,8,254
2021/10/30,225,271,42,40,15,15,271
2021/10/31,260,237,24,37,16,12,260
2021/11/1,275,161,27,31,14,11,275
2021/11/2,231,242,28,39,13,19,242
2021/11/3,285,387,31,37,8,16,387
2021/11/4,392,609,24,32,5,22,609
2021/11/5,579,404,30,36,5,11,579
2021/11/6,391,430,34,42,7,20,430
2021/11/7,404,397,32,49,11,22,404
2021/11/8,377,470,69,53,14,24,470
2021/11/9,427,398,41,59,12,30,427
2021/11/10,362,532,119,64,12,37,532
2021/11/11,442,470,219,55,7,30,470
2021/11/12,417,259,44,57,10,24,417
2021/11/13,297,172,79,51,8,27,297
2021/11/14,245,161,138,50,6,26,245
2021/11/15,216,251,60,47,7,19,251
2021/11/16,306,225,26,38,7,17,306
2021/11/17,270,197,32,41,10,22,270
2021/11/18,254,222,41,52,11,22,254
2021/11/19,258,244,56,60,15,21,258
2021/11/20,225,150,39,39,11,11,225
2021/11/21,191,151,39,23,11,8,191
2021/11/22,173,192,51,44,15,30,192
2021/11/23,206,183,59,52,12,22,206
2021/11/24,228,167,29,37,14,18,228
2021/11/25,228,158,28,40,9,26,228
2021/11/26,217,156,24,33,9,17,217
2021/11/27,225,175,17,26,8,23,225
2021/11/28,229,190,35,46,9,16,229
2021/11/29,229,197,33,41,12,21,229
2021/11/30,206,205,22,51,8,14,206
2021/12/1,244,161,11,42,9,16,244
2021/12/2,225,161,19,37,7,19,225
2021/12/3,224,186,178,48,13,24,224
2021/12/4,230,132,68,36,8,18,230
2021/12/5,187,119,59,23,11,10,187
2021/12/6,184,118,20,24,10,10,184
2021/12/7,164,150,28,30,10,15,164
2021/12/8,190,159,24,38,8,18,190
2021/12/9,202,231,22,37,10,11,231
2021/12/10,247,153,38,40,14,18,247
2021/12/11,189,152,77,52,15,23,189
2021/12/12,194,145,20,37,10,17,194
2021/12/13,202,158,19,29,7,19,202
2021/12/14,227,131,30,20,8,6,227
2021/12/15,189,267,16,23,12,9,267
2021/12/16,298,114,26,18,5,9,298
2021/12/17,168,116,17,18,9,12,168
2021/12/18,174,141,29,21,7,13,174
2021/12/19,193,198,30,34,5,21,198
2021/12/20,220,260,27,45,4,24,260
2021/12/21,287,233,31,43,2,19,287
2021/12/22,276,304,21,44,2,23,304
2021/12/23,329,335,12,37,2,17,335
2021/12/24,351,250,16,35,1,17,351
2021/12/25,302,249,10,31,,14,302
2021/12/26,322,127,13,34,2,23,322
2021/12/27,166,134,2,33,3,16,166
2021/12/28,191,122,11,29,2,17,191
2021/12/29,240,159,18,32,3,18,240
2021/12/30,201,196,27,40,5,17,201
2021/12/31,213,283,28,44,3,29,283
2022/1/1,326,261,27,34,1,13,326
2022/1/2,289,339,33,45,8,25,339
2021/7/1,135,322,27,15,5,3,322
2021/7/2,137,113,42,20,6,5,137
2021/7/3,129,116,78,22,9,5,129
2021/7/4,149,142,53,18,9,3,149
2021/7/5,149,118,27,12,6,2,149
2021/7/6,119,148,24,20,9,3,148
2021/7/7,108,176,35,16,6,3,176
2021/7/8,113,77,34,7,4,5,113
2021/7/9,108,59,14,7,,1,108
2021/7/10,88,66,10,7,1,2,88
2021/7/11,115,52,7,9,6,7,115
2021/7/12,86,54,21,11,4,1,86
2021/7/13,89,33,10,13,4,2,89
2021/7/14,53,56,19,9,5,2,56
2021/7/15,98,63,23,10,4,3,98
2021/7/16,102,83,33,14,3,5,102
2021/7/17,143,64,18,13,2,3,143
2021/7/18,95,30,16,17,1,5,95
2021/7/19,66,45,13,15,1,5,66
2021/7/20,92,64,33,16,2,5,92
2021/7/21,107,39,15,7,1,1,107
2021/7/22,61,55,18,10,1,5,61
2021/7/23,91,71,16,14,1,4,91
2021/7/24,112,55,15,9,1,2,112
2021/7/25,84,61,16,8,2,4,84
2021/7/26,116,67,20,13,1,5,116
2021/7/27,107,31,9,12,1,2,107
2021/7/28,64,43,17,13,1,4,64
2021/7/29,72,33,10,10,1,4,72
2021/7/30,68,49,12,9,,4,68
2021/7/31,63,56,25,16,1,6,63
2021/8/1,91,45,11,10,1,3,91
2021/8/2,85,42,14,7,2,3,85
2021/8/3,62,46,16,9,1,4,62
2021/8/4,65,56,19,8,2,2,65
2021/8/5,81,68,18,11,1,5,81
2021/8/6,105,59,9,12,2,4,105
2021/8/7,96,54,22,13,1,3,96
2021/8/8,109,63,18,10,1,3,109
2021/8/9,108,122,22,15,2,5,122
2021/8/10,119,120,21,11,2,3,120
2021/8/11,95,113,27,9,4,2,113
2021/8/12,89,109,23,12,1,4,109
2021/8/13,88,113,24,10,2,2,113
2021/8/14,88,105,23,9,2,2,105
2021/8/15,95,109,24,10,1,4,109
2021/8/16,96,120,26,10,1,4,120
2021/8/17,130,122,39,13,1,5,130
2021/8/18,147,104,26,10,1,4,147
2021/8/19,160,47,16,7,1,3,160
2021/8/20,86,28,10,7,1,4,86
2021/8/21,62,45,17,8,1,5,62
2021/8/22,95,66,37,15,2,8,95
2021/8/23,125,85,16,16,1,9,125
2021/8/24,154,108,21,14,2,6,154
2021/8/25,108,117,24,13,1,4,117
2021/8/26,90,128,25,16,1,4,128
2021/8/27,110,91,18,10,2,4,110
2021/8/28,126,74,20,7,1,3,126
2021/8/29,126,42,16,5,1,3,126
2021/8/30,67,34,7,7,1,3,67
2021/8/31,55,20,8,8,1,3,55
2021/9/1,41,38,14,9,1,6,41
2021/9/2,61,53,14,12,1,4,61
2021/9/3,85,62,21,22,2,12,85
2021/9/4,87,75,22,18,2,3,87
2021/9/5,120,87,16,19,2,8,120
2021/9/6,133,64,14,13,1,5,133
2021/9/7,106,45,15,9,1,2,106
2021/9/8,59,53,15,11,2,6,59
2021/9/9,96,44,17,10,1,4,96
2021/9/10,75,23,13,10,1,4,75
2021/9/11,52,51,18,16,1,7,52
2021/9/12,84,44,12,13,1,3,84
2021/9/13,80,40,11,10,6,5,80
2021/9/14,54,51,13,12,12,7,54
2021/9/15,56,50,6,15,4,6,56
2021/9/16,76,40,12,9,4,2,76
2021/9/17,53,51,13,9,4,6,53
2021/9/18,79,53,9,10,6,4,79
2021/9/19,78,61,8,13,4,5,78
2021/9/20,83,63,12,13,8,4,83
2021/9/21,92,38,13,11,6,4,92
2021/9/22,74,46,16,9,5,4,74
2021/9/23,69,39,11,10,3,4,69
2021/9/24,57,46,20,10,12,3,57
2021/9/25,80,51,15,10,10,5,80
2021/9/26,83,78,14,15,12,8,83
2021/9/27,121,69,13,12,6,4,121
2021/9/28,110,64,11,12,9,4,110
2021/9/29,91,73,14,14,7,6,91
2021/9/30,100,119,25,20,5,11,119
2021/4/1,109,137,39,23,9,,137
2021/4/2,132,159,44,30,18,13,159
2021/4/3,173,166,50,29,11,14,173
2021/4/4,168,190,53,58,16,14,190
2021/4/5,184,182,72,19,17,5,184
2021/4/6,181,175,49,17,10,4,181
2021/4/7,155,141,45,24,13,5,155
2021/4/8,144,203,38,37,15,13,203
2021/4/9,160,191,42,35,11,7,191
2021/4/10,158,191,40,34,14,7,191
2021/4/11,158,252,56,54,15,11,252
2021/4/12,195,203,45,35,14,5,203
2021/4/13,163,169,50,28,13,5,169
2021/4/14,230,197,52,37,16,5,230
2021/4/15,158,301,35,43,22,6,301
2021/4/16,185,111,35,24,10,4,185
2021/4/17,109,131,54,16,17,4,131
2021/4/18,147,199,47,21,24,6,199
2021/4/19,170,188,42,15,18,4,188
2021/4/20,152,102,37,21,11,2,152
2021/4/21,110,105,39,14,14,5,110
2021/4/22,149,93,31,10,11,6,149
2021/4/23,119,121,48,15,19,5,121
2021/4/24,146,162,57,31,18,8,162
2021/4/25,173,249,62,55,15,15,249
2021/4/26,218,304,78,66,19,21,304
2021/4/27,251,376,100,57,21,17,376
2021/4/28,262,327,70,24,18,7,327
2021/4/29,220,260,48,30,16,8,260
2021/4/30,184,211,72,16,14,4,211
2021/5/1,163,148,44,19,13,4,163
2021/5/2,140,194,46,20,12,5,194
2021/5/3,149,151,62,19,13,6,151
2021/5/4,152,135,48,10,12,6,152
2021/5/5,155,109,35,10,11,7,155
2021/5/6,141,83,51,15,11,,141
2021/5/7,134,116,65,18,14,,134
2021/5/8,163,97,60,14,8,,163
2021/5/9,145,102,40,15,9,4,145
2021/5/10,144,103,53,14,6,6,144
2021/5/11,128,103,43,11,8,14,128
2021/5/12,111,72,37,10,10,5,111
2021/5/13,121,86,43,17,10,12,121
2021/5/14,119,157,39,20,9,7,157
2021/5/15,109,112,63,23,9,9,112
2021/5/16,141,157,47,49,16,19,157
2021/5/17,174,62,16,26,8,9,174
2021/5/18,81,48,16,9,4,11,81
2021/5/19,98,34,23,8,6,11,98
2021/5/20,73,45,25,11,7,29,73
2021/5/21,80,63,36,18,6,,80
2021/5/22,94,408,41,16,7,,408
2021/5/23,159,110,44,13,9,29,159
2021/5/24,119,106,57,16,11,21,119
2021/5/25,101,122,70,29,18,3,122
2021/5/26,143,119,56,24,18,16,143
2021/5/27,136,70,29,10,11,37,136
2021/5/28,83,65,27,9,8,42,83
2021/5/29,53,92,27,10,7,50,92
2021/5/30,73,117,50,23,12,12,117
2021/5/31,114,77,37,15,10,43,114
2021/6/1,82,101,45,19,9,,101
2021/6/2,136,121,62,18,8,,136
2021/6/3,162,208,38,14,10,,208
2021/6/4,146,85,39,17,9,25,146
2021/6/5,106,130,46,24,11,,130
2021/6/6,122,141,52,24,13,33,141
2021/6/7,138,389,71,22,13,14,389
2021/6/8,137,325,23,14,7,50,325
2021/6/9,114,107,15,7,9,6,114
2021/6/10,125,64,11,9,6,31,125
2021/6/11,80,66,21,7,10,22,80
2021/6/12,79,69,28,9,7,42,79
2021/6/13,94,70,48,10,8,33,94
2021/6/14,97,71,51,12,8,17,97
2021/6/15,79,61,23,10,9,,79
2021/6/16,92,62,19,11,5,32,92
2021/6/17,105,43,19,8,9,56,105
2021/6/18,74,44,16,7,3,25,74
2021/6/19,70,31,14,7,1,,70
2021/6/20,54,59,23,14,4,,59
2021/6/21,86,108,48,19,7,34,108
2021/6/22,125,143,52,24,11,51,143
2021/6/23,157,76,38,10,6,,157
2021/6/24,124,151,42,16,7,,151
2021/6/25,117,75,19,13,7,,117
2021/6/26,96,113,37,16,6,16,113
2021/6/27,148,115,47,20,6,14,148
2021/6/28,160,185,64,19,9,3,185
2021/6/29,157,393,33,23,9,4,393
2021/6/30,152,288,34,18,7,3,288
2021/1/4,130,60,6,24,6,23,130
2021/1/5,126,101,6,34,6,40,126
2021/1/6,170,116,8,14,5,38,170
2021/1/7,191,162,8,23,7,16,191
2021/1/8,204,147,10,21,8,11,204
2021/1/9,201,129,14,13,4,10,201
2021/1/10,187,148,16,19,5,13,187
2021/1/11,201,177,15,27,4,16,201
2021/1/12,230,253,22,40,5,22,253
2021/1/13,288,306,18,50,5,31,306
2021/1/14,313,510,21,69,2,36,510
2021/1/15,436,237,12,32,10,48,436
2021/1/16,277,146,13,11,6,18,277
2021/1/17,241,238,12,37,8,35,241
2021/1/18,265,261,17,38,4,17,265
2021/1/19,304,152,16,22,2,14,304
2021/1/20,206,215,25,40,7,20,215
2021/1/21,235,173,8,25,10,16,235
2021/1/22,237,128,17,16,6,12,237
2021/1/23,192,270,2,22,2,24,270
2021/1/24,299,220,13,32,6,20,299
2021/1/25,232,283,28,47,5,23,283
2021/1/26,281,251,26,40,8,19,281
2021/1/27,244,267,13,45,6,25,267
2021/1/28,288,282,21,44,5,20,288
2021/1/29,286,229,29,38,9,13,286
2021/1/30,229,253,51,57,9,19,253
2021/1/31,275,306,38,48,9,21,306
2021/2/1,301,253,14,65,10,17,301
2021/2/2,292,,,21,7,18,292
2021/2/3,333,,,,,,333
2021/2/6,145,139,26,23,6,9,145
2021/2/7,180,207,32,41,9,13,207
2021/2/8,220,248,35,48,11,16,248
2021/2/9,268,252,28,54,12,17,268
2021/2/10,259,197,28,33,9,13,259
2021/2/11,225,257,45,37,12,14,257
2021/2/12,279,479,1,105,5,50,479
2021/2/13,356,257,26,63,3,23,356
2021/2/14,269,212,14,71,5,22,269
2021/2/15,233,210,26,43,4,19,233
2021/2/16,234,227,22,53,3,19,234
2021/2/17,204,195,28,38,4,15,204
2021/2/18,215,204,22,36,4,16,215
2021/2/19,227,170,16,36,3,15,227
2021/2/20,193,192,27,29,3,12,193
2021/2/21,210,245,22,46,5,15,245
2021/2/22,214,278,26,77,6,22,278
2021/2/23,203,360,29,67,7,23,360
2021/2/24,264,250,39,49,5,15,264
2021/2/25,208,236,27,42,6,15,236
2021/2/26,175,206,23,46,7,14,206
2021/2/27,173,153,32,21,5,9,173
2021/2/28,153,146,28,19,5,7,153
2021/3/1,142,193,28,14,5,6,193
2021/3/2,135,157,34,30,4,15,157
2021/3/3,156,193,64,59,6,17,193
2021/3/4,202,172,29,25,4,10,202
2021/3/5,156,180,31,30,4,13,180
2021/3/6,165,207,31,31,9,12,207
2021/3/7,214,150,40,21,9,10,214
2021/3/8,183,237,45,34,8,13,237
2021/3/9,214,170,46,43,7,13,214
2021/3/10,138,246,41,49,13,16,246
2021/3/11,202,159,25,37,10,11,202
2021/3/12,170,154,47,34,9,10,170
2021/3/13,182,137,45,27,8,8,182
2021/3/14,159,181,35,31,7,8,181
2021/3/15,163,276,27,27,6,8,276
2021/3/16,164,307,42,30,10,11,307
2021/3/17,183,317,44,35,13,13,317
2021/3/18,199,233,50,31,12,10,233
2021/3/19,177,188,45,33,9,11,188
2021/3/20,167,206,61,50,9,12,206
2021/3/21,195,183,31,29,10,11,195
2021/3/22,158,179,18,37,8,9,179
2021/3/23,149,147,49,31,11,9,149
2021/3/24,155,108,30,19,6,9,155
2021/3/25,109,122,37,22,9,11,122
2021/3/26,141,185,61,46,13,15,185
2021/3/27,206,201,77,39,12,16,206
2021/3/28,218,189,45,35,8,14,218
2021/3/29,203,428,40,29,8,10,428
2021/3/30,183,177,36,14,4,9,183
2021/3/31,106,238,30,15,6,9,238
2020/10/1,145,134,50,24,6,6,145
2020/10/2,161,125,44,23,6,5,161
2020/10/3,157,120,53,21,6,4,157
2020/10/4,159,140,55,23,6,6,159
2020/10/5,156,133,52,27,7,5,156
2020/10/6,160,152,68,26,8,4,160
2020/10/7,182,142,78,25,8,7,182
2020/10/8,174,146,56,28,5,8,174
2020/10/9,168,155,56,26,7,7,168
2020/10/10,186,148,63,26,8,8,186
2020/10/11,177,223,58,35,8,18,223
2020/10/12,254,151,24,35,6,13,254
2020/10/13,195,165,20,26,4,11,195
2020/10/14,200,190,6,39,3,14,200
2020/10/15,210,172,6,49,3,11,210
2020/10/16,201,179,5,45,2,9,201
2020/10/17,196,160,4,48,13,8,196
2020/10/18,178,153,5,33,3,6,178
2020/10/19,174,152,5,29,4,7,174
2020/10/20,167,184,4,34,4,15,184
2020/10/21,189,225,10,32,,17,225
2020/10/22,240,232,12,27,3,16,240
2020/10/23,264,246,18,30,3,16,264
2020/10/24,258,274,16,36,4,24,274
2020/10/25,270,223,12,31,4,17,270
2020/10/26,247,228,6,48,6,19,247
2020/10/27,235,303,11,75,5,28,303
2020/10/28,259,261,6,70,5,28,261
2020/10/29,259,295,9,67,6,20,295
2020/10/30,275,385,9,56,7,20,385
2020/10/31,326,466,11,61,8,22,466
2020/11/1,348,389,7,71,8,25,389
2020/11/2,301,218,4,86,5,34,301
2020/11/3,208,673,5,93,9,44,673
2020/11/4,443,568,10,89,7,36,568
2020/11/5,392,483,10,80,7,24,483
2020/11/6,358,512,11,70,9,24,512
2020/11/7,388,700,7,80,5,48,700
2020/11/8,513,633,9,78,5,33,633
2020/11/9,471,564,6,63,4,24,564
2020/11/10,464,180,3,49,4,22,464
2020/11/11,230,235,2,59,5,23,235
2020/11/12,217,295,11,52,3,28,295
2020/11/13,266,552,7,49,5,25,552
2020/11/14,476,312,6,39,3,19,476
2020/11/15,346,90,3,26,3,16,346
2020/11/16,155,91,6,27,4,19,155
2020/11/17,147,124,9,35,5,16,147
2020/11/18,180,146,14,35,4,18,180
2020/11/19,210,145,13,34,4,15,210
2020/11/20,201,136,15,31,6,21,201
2020/11/21,165,156,18,40,5,19,165
2020/11/22,192,271,24,68,5,25,271
2020/11/23,280,398,5,74,4,29,398
2020/11/24,353,292,4,46,4,21,353
2020/11/25,330,107,5,26,6,15,330
2020/11/26,161,105,21,19,9,20,161
2020/11/27,148,151,36,27,8,15,151
2020/11/28,183,211,111,50,13,23,211
2020/11/29,225,279,70,58,8,26,279
2020/11/30,277,338,67,63,9,28,338
2020/12/1,337,325,87,50,13,23,337
2020/12/2,304,334,104,62,18,28,334
2020/12/3,296,453,66,47,11,23,453
2020/12/4,409,288,48,24,9,19,409
2020/12/5,332,372,50,43,10,28,372
2020/12/6,353,392,53,47,6,18,392
2020/12/7,354,317,47,57,7,32,354
2020/12/8,292,297,48,48,5,25,297
2020/12/9,284,178,29,37,8,14,284
2020/12/10,198,213,14,40,11,14,213
2020/12/11,223,214,7,21,2,17,223
2020/12/12,305,111,24,10,4,12,305
2020/12/13,180,107,29,8,8,8,180
2020/12/14,171,119,26,14,9,10,171
2020/12/15,185,123,25,14,7,16,185
2020/12/16,181,141,16,26,8,21,181
2020/12/17,194,169,23,46,7,10,194
2020/12/18,195,208,25,60,8,14,208
2020/12/19,220,264,27,71,6,17,264
2020/12/20,265,274,26,77,11,14,274
2020/12/21,297,405,24,72,8,20,405
2020/12/22,386,337,30,80,6,16,386
2020/12/23,335,297,29,67,10,14,335
2020/12/24,316,152,22,51,4,11,316
2020/12/25,229,241,28,60,5,15,241
2020/12/26,282,217,21,50,6,8,282
2020/12/27,276,145,19,28,7,17,276
2020/12/28,151,169,23,33,10,7,169
2020/12/29,182,191,3,43,4,19,191
2020/12/30,268,380,15,68,6,22,380
2020/12/31,343,356,5,84,4,3,356
2021/1/1,364,280,9,52,6,4,364
2021/1/2,354,99,7,29,4,39,354
2021/1/3,186,65,11,39,6,24,186
2020/7/1,125,71,23,13,7,9,125
2020/7/2,145,84,43,16,7,10,145
2020/7/3,144,88,25,15,12,6,144
2020/7/4,112,56,36,12,9,8,112
2020/7/5,59,32,38,14,7,7,59
2020/7/6,100,29,14,11,7,6,100
2020/7/7,57,38,17,13,9,8,57
2020/7/8,75,73,53,21,11,6,75
2020/7/9,136,63,39,20,7,8,136
2020/7/10,79,44,38,14,10,5,79
2020/7/11,61,29,36,11,10,,61
2020/7/12,81,77,42,15,11,,81
2020/7/13,98,105,35,17,11,,105
2020/7/14,127,61,33,12,12,,127
2020/7/15,98,50,19,12,15,,98
2020/7/16,87,59,24,11,12,4,87
2020/7/17,128,38,18,11,8,8,128
2020/7/18,72,34,35,15,11,10,72
2020/7/19,69,,,,,,69
2020/7/22,82,64,42,23,8,6,82
2020/7/23,121,55,14,17,20,11,121
2020/7/24,107,35,5,14,7,9,107
2020/7/25,66,71,14,19,7,12,71
2020/7/26,133,86,16,24,8,7,133
2020/7/27,114,72,15,21,8,8,114
2020/7/28,70,,,,,,70
2020/7/30,62,59,8,18,6,8,62
2020/7/31,97,52,12,23,7,8,97
2020/8/1,162,54,11,20,7,7,162
2020/8/2,74,60,9,21,7,7,74
2020/8/3,72,51,7,18,8,6,72
2020/8/4,67,59,8,20,6,8,67
2020/8/5,103,35,4,15,6,6,103
2020/8/6,44,37,6,15,5,9,44
2020/8/7,63,57,5,19,5,10,63
2020/8/8,107,41,6,16,5,10,107
2020/8/9,87,43,4,16,3,10,87
2020/8/10,87,63,3,22,5,7,87
2020/8/11,122,53,9,18,7,6,122
2020/8/12,77,19,7,18,6,4,77
2020/8/13,46,26,9,16,6,8,46
2020/8/14,52,43,8,17,5,7,52
2020/8/15,88,34,8,17,6,4,88
2020/8/16,68,41,7,20,5,10,68
2020/8/17,79,57,33,25,5,9,79
2020/8/18,87,31,29,22,6,6,87
2020/8/19,133,16,10,18,5,10,133
2020/8/20,36,20,10,18,4,9,36
2020/8/21,24,23,11,16,4,8,24
2020/8/22,23,22,12,15,4,6,23
2020/8/23,45,25,10,18,5,7,45
2020/8/24,40,46,10,21,8,7,46
2020/8/25,64,59,34,26,6,8,64
2020/8/26,59,56,14,23,5,10,59
2020/8/27,83,48,10,23,2,9,83
2020/8/28,89,46,12,20,5,9,89
2020/8/29,76,,,,,,76
2020/9/9,116,90,31,25,6,5,116
2020/9/10,133,96,38,28,9,7,133
2020/9/11,134,88,28,19,6,8,134
2020/9/12,137,90,28,17,7,20,137
2020/9/13,153,108,21,19,3,18,153
2020/9/14,161,100,39,19,7,10,161
2020/9/15,155,140,38,19,8,3,155
2020/9/16,151,95,31,15,7,2,151
2020/9/17,128,99,29,17,5,3,128
2020/9/18,121,97,40,17,6,6,121
2020/9/19,141,106,40,15,5,6,141
2020/9/20,159,95,35,14,4,3,159
2020/9/21,144,57,18,16,7,7,144
2020/9/22,82,55,18,16,7,7,82
2020/9/23,75,56,34,16,10,6,75
2020/9/24,81,103,50,26,4,9,103
2020/9/25,125,130,32,28,7,7,130
2020/9/26,151,94,35,21,3,9,151
2020/9/27,111,130,52,21,6,9,130
2020/9/28,142,135,42,17,6,7,142
2020/9/29,150,126,38,19,3,4,150
2020/9/30,130,128,42,23,6,6,130
2020/4/8,122,77,27,11,9,7,122
2020/4/9,115,74,29,13,10,8,115
2020/4/10,137,93,31,17,13,9,137
2020/4/11,156,110,31,17,12,8,156
2020/4/12,98,74,28,12,10,7,98
2020/4/13,135,101,35,16,14,9,135
2020/4/14,138,109,30,18,13,7,138
2020/4/15,145,140,31,19,9,10,145
2020/4/16,177,182,34,17,20,8,182
2020/4/17,95,84,28,12,9,7,95
2020/4/18,76,75,28,12,7,8,76
2020/4/19,100,68,29,14,9,6,100
2020/4/20,115,83,25,16,8,9,115
2020/4/21,117,84,30,14,9,7,117
2020/4/22,175,135,32,19,17,9,175
2020/4/23,120,92,26,19,9,12,120
2020/4/24,136,95,32,18,8,19,136
2020/4/25,99,81,29,17,8,18,99
2020/4/26,113,100,21,11,7,12,113
2020/4/27,87,50,23,11,8,15,87
2020/4/28,120,67,26,13,5,7,120
2020/4/29,138,83,30,14,6,10,138
2020/4/30,137,77,24,15,6,14,137
2020/5/1,138,86,25,12,6,8,138
2020/5/2,94,72,22,10,6,8,94
2020/5/3,112,69,19,10,6,8,112
2020/5/4,83,53,25,12,7,7,83
2020/5/5,141,95,31,15,10,5,141
2020/5/6,130,93,29,15,7,9,130
2020/5/7,66,61,32,15,6,10,66
2020/5/8,117,80,38,16,7,9,117
2020/5/9,152,91,37,14,8,9,152
2020/5/10,118,97,20,12,7,12,118
2020/5/11,117,65,28,14,9,8,117
2020/5/12,116,69,24,12,9,12,116
2020/5/13,159,117,20,16,11,9,159
2020/5/14,137,94,33,21,10,6,137
2020/5/15,131,86,33,16,12,7,131
2020/5/16,145,101,34,21,15,9,145
2020/5/17,161,118,34,25,17,7,161
2020/5/18,178,,39,26,18,9,178
2020/5/19,197,112,43,28,20,10,197
2020/5/20,138,114,37,24,12,6,138
2020/5/21,125,122,35,21,12,10,125
2020/5/22,189,158,64,34,21,11,189
2020/5/23,181,153,43,27,19,10,181
2020/5/24,158,157,28,18,18,8,158
2020/5/25,133,111,32,18,18,6,133
2020/5/26,124,123,27,26,17,8,124
2020/5/27,132,108,42,18,13,5,132
2020/5/28,98,128,26,10,9,6,128
2020/5/29,75,51,20,9,9,10,75
2020/5/30,73,41,43,13,7,7,73
2020/5/31,89,31,28,11,7,3,89
2020/6/1,106,56,40,15,4,7,106
2020/6/2,124,75,59,19,9,8,124
2020/6/3,162,109,61,24,15,10,162
2020/6/4,151,99,32,25,11,9,151
2020/6/5,119,65,43,16,7,7,119
2020/6/6,111,62,44,16,8,4,111
2020/6/7,122,77,38,17,10,7,122
2020/6/8,135,77,46,19,12,9,135
2020/6/9,157,102,60,25,13,11,157
2020/6/10,155,124,68,28,14,11,155
2020/6/11,146,101,34,23,11,10,146
2020/6/12,153,97,27,20,9,10,153
2020/6/13,151,110,7,17,11,9,151
2020/6/14,144,98,8,19,10,10,144
2020/6/15,133,93,32,20,10,9,133
2020/6/16,109,76,23,17,9,8,109
2020/6/17,97,62,21,13,9,6,97
2020/6/18,112,70,28,15,9,7,112
2020/6/19,125,96,16,13,8,7,125
2020/6/20,90,81,14,18,7,7,90
2020/6/21,122,72,20,16,10,8,122
2020/6/22,122,63,22,19,6,9,122
2020/6/23,78,40,7,12,4,7,78
2020/6/24,95,41,4,12,6,8,95
2020/6/25,144,74,5,18,8,10,144
2020/6/26,132,80,19,15,7,8,132
2020/6/27,101,138,29,19,11,3,138
2020/6/28,159,181,,17,13,6,181
2020/6/29,105,80,,11,3,1,105
2020/6/30,120,76,11,10,9,5,120
2020/1/3,228,207,9,29,8,21,228
2020/1/4,300,199,15,31,4,15,300
2020/1/5,275,175,34,29,10,10,275
2020/1/6,242,166,51,29,12,12,242
2020/1/7,201,101,2,18,7,7,201
2020/1/8,202,97,2,16,6,12,202
2020/1/9,181,91,8,18,4,8,181
2020/1/10,201,125,16,25,6,9,201
2020/1/11,208,156,25,30,8,15,208
2020/1/12,295,219,31,40,9,16,295
2020/1/13,316,161,14,25,7,14,316
2020/1/14,226,121,9,18,3,9,226
2020/1/15,205,106,11,20,5,12,205
2020/1/16,194,101,6,21,6,10,194
2020/1/17,150,67,10,18,6,5,150
2020/1/18,194,113,7,23,6,11,194
2020/1/19,219,127,17,20,6,11,219
2020/1/20,244,170,12,24,3,17,244
2020/1/21,288,196,11,28,4,16,288
2020/1/22,242,143,11,25,5,14,242
2020/1/23,154,97,22,19,6,8,154
2020/1/24,170,110,27,25,5,10,170
2020/1/25,258,170,33,37,8,12,258
2020/1/26,305,227,31,32,8,16,305
2020/1/27,304,226,14,39,8,20,304
2020/1/28,183,86,18,18,7,6,183
2020/1/29,165,99,18,26,3,12,165
2020/1/30,162,85,23,22,8,4,162
2020/1/31,170,100,26,24,5,7,170
2020/2/1,185,107,25,21,7,9,185
2020/2/2,194,119,25,25,8,9,194
2020/2/3,232,187,35,32,7,12,232
2020/2/4,256,171,31,36,7,12,256
2020/2/5,207,127,28,25,8,6,207
2020/2/6,204,133,38,30,10,9,204
2020/2/7,203,128,33,27,6,6,203
2020/2/8,204,126,34,26,9,6,204
2020/2/9,205,128,38,28,8,7,205
2020/2/10,219,147,37,32,8,9,219
2020/2/11,210,141,39,30,7,8,210
2020/2/12,226,161,33,29,8,7,226
2020/2/13,171,126,31,20,10,9,171
2020/2/14,147,126,29,18,7,8,147
2020/2/15,166,126,36,24,9,10,166
2020/2/16,202,145,40,33,12,9,202
2020/2/17,228,188,38,39,10,11,228
2020/2/18,201,191,39,35,11,13,201
2020/2/19,229,169,33,31,10,13,229
2020/2/20,200,130,33,17,11,7,200
2020/2/21,105,46,23,12,6,7,105
2020/2/22,132,89,24,21,6,11,132
2020/2/23,172,101,28,19,6,6,172
2020/2/24,135,81,21,21,4,6,135
2020/2/25,185,117,30,28,9,8,185
2020/2/26,250,183,29,33,13,13,250
2020/2/27,202,126,20,23,6,9,202
2020/2/28,184,102,20,17,9,6,184
2020/2/29,149,74,18,15,8,9,149
2020/3/1,110,65,24,23,8,12,110
2020/3/2,184,125,27,30,6,12,184
2020/3/3,170,118,4,33,4,12,170
2020/3/4,161,106,24,24,9,7,161
2020/3/5,97,48,21,15,6,8,97
2020/3/6,59,26,18,12,6,6,59
2020/3/7,122,62,10,20,7,15,122
2020/3/8,162,96,,23,4,7,162
2020/3/9,120,82,5,20,4,8,120
2020/3/10,170,101,24,22,8,14,170
2020/3/11,153,77,21,18,7,14,153
2020/3/12,153,103,11,25,7,26,153
2020/3/13,141,111,19,28,9,10,141
2020/3/14,108,53,12,22,6,8,108
2020/3/15,151,82,28,22,8,5,151
2020/3/16,141,103,22,28,5,6,141
2020/3/17,140,93,28,25,10,9,140
2020/3/18,155,106,28,26,13,10,155
2020/3/19,191,141,32,30,14,8,191
2020/3/20,175,143,31,34,11,11,175
2020/3/21,186,158,23,34,12,11,186
2020/3/22,176,100,22,19,11,10,176
2020/3/23,145,90,27,22,10,9,145
2020/3/28,63,32,15,11,4,,63
2020/3/29,71,49,20,9,7,5,71
2020/3/30,98,57,23,10,6,6,98
2020/3/31,134,63,23,11,9,7,134
2019/10/1,108,69,12,9,3,7,108
2019/10/2,119,93,26,16,5,9,119
2019/10/3,159,71,26,13,4,5,159
2019/10/4,139,75,29,15,4,4,139
2019/10/5,114,85,38,13,4,4,114
2019/10/6,146,101,32,12,5,4,146
2019/10/7,152,83,33,14,5,5,152
2019/10/8,115,89,2,18,3,8,115
2019/10/9,169,,,,,,169
2019/10/11,169,149,28,26,5,11,169
2019/10/12,200,152,29,24,6,10,200
2019/10/13,223,163,27,27,5,12,223
2019/10/14,212,180,24,31,7,16,212
2019/10/15,235,203,9,25,7,15,235
2019/10/16,267,146,4,23,7,11,267
2019/10/17,220,139,14,19,4,8,220
2019/10/18,185,132,13,26,4,14,185
2019/10/19,166,134,12,23,5,12,166
2019/10/20,184,145,21,23,4,8,184
2019/10/21,205,181,17,28,4,13,205
2019/10/22,198,195,20,34,4,16,198
2019/10/23,224,186,4,28,4,14,224
2019/10/24,274,140,3,26,4,13,274
2019/10/25,220,158,31,38,5,15,220
2019/10/26,237,280,38,37,5,22,280
2019/10/27,337,384,49,38,12,23,384
2019/10/28,394,384,13,37,4,25,394
2019/10/29,429,547,15,44,6,33,547
2019/10/30,497,533,15,48,4,38,533
2019/10/31,489,454,29,48,6,26,489
2019/11/1,472,361,16,33,4,15,472
2019/11/2,419,666,7,39,2,30,666
2019/11/3,648,294,16,31,3,16,648
2019/11/4,354,200,29,30,6,16,354
2019/11/5,276,165,13,50,7,21,276
2019/11/6,221,174,3,29,10,14,221
2019/11/7,293,133,14,27,5,9,293
2019/11/8,233,123,22,23,5,15,233
2019/11/9,210,210,31,30,6,11,210
2019/11/10,317,277,33,38,6,14,317
2019/11/11,347,366,45,40,7,15,366
2019/11/12,441,399,32,48,6,22,441
2019/11/13,447,350,27,45,6,26,447
2019/11/14,418,325,12,39,6,22,418
2019/11/15,376,161,15,24,6,12,376
2019/11/16,226,100,14,17,4,9,226
2019/11/17,160,148,19,28,7,17,160
2019/11/18,216,200,21,40,6,21,216
2019/11/19,264,240,17,50,8,26,264
2019/11/20,315,222,11,45,11,22,315
2019/11/21,308,208,31,45,9,16,308
2019/11/22,312,145,6,32,7,16,312
2019/11/23,215,117,9,25,7,11,215
2019/11/24,172,128,7,33,6,14,172
2019/11/25,197,128,5,30,9,10,197
2019/11/26,195,90,8,21,8,7,195
2019/11/27,149,30,6,11,4,7,149
2019/11/28,85,64,5,22,6,7,85
2019/11/29,137,103,10,26,5,12,137
2019/11/30,186,126,14,32,5,13,186
2019/12/1,215,152,16,41,5,11,215
2019/12/2,248,182,39,44,6,16,248
2019/12/3,252,225,150,38,6,25,252
2019/12/4,290,242,5,39,5,21,290
2019/12/5,348,181,3,36,5,14,348
2019/12/6,300,195,2,37,6,20,300
2019/12/7,290,196,3,36,3,20,290
2019/12/8,304,207,4,39,6,16,304
2019/12/9,267,291,24,52,5,22,291
2019/12/10,353,317,2,54,3,23,353
2019/12/11,406,280,1,35,4,16,406
2019/12/12,383,54,1,20,1,7,383
2019/12/13,141,56,1,19,2,10,141
2019/12/14,141,95,2,27,5,11,141
2019/12/15,183,86,1,21,1,11,183
2019/12/16,175,93,2,20,4,10,175
2019/12/17,180,135,2,26,3,14,180
2019/12/18,232,250,1,27,6,15,250
2019/12/19,323,293,2,35,2,28,323
2019/12/20,374,263,1,31,3,17,374
2019/12/21,358,112,1,21,4,11,358
2019/12/22,207,130,1,21,5,10,207
2019/12/23,228,215,2,29,2,12,228
2019/12/24,296,131,1,22,4,12,296
2019/12/25,221,151,1,21,5,11,221
2019/12/26,243,234,1,23,3,13,243
2019/12/27,297,274,2,22,5,17,297
2019/12/28,328,220,2,24,6,14,328
2019/12/29,312,,,,,,312
2019/7/17,120,83,35,36,5,12,120
2019/7/18,117,110,35,25,5,14,117
2019/7/19,147,84,16,24,4,11,147
2019/7/20,126,70,20,18,4,12,126
2019/7/21,115,80,19,18,4,14,115
2019/7/22,134,100,28,24,5,13,134
2019/7/23,139,114,29,33,6,6,139
2019/7/24,142,55,15,23,2,7,142
2019/7/25,72,32,13,15,4,8,72
2019/7/26,62,28,11,15,2,8,62
2019/7/27,56,34,13,13,3,7,56
2019/7/28,53,40,14,13,3,7,53
2019/7/29,46,52,12,13,3,8,52
2019/7/30,65,54,17,14,4,8,65
2019/7/31,65,59,15,16,4,8,65
2019/8/1,91,59,15,14,3,5,91
2019/8/2,83,44,10,15,2,9,83
2019/8/3,73,56,12,16,4,10,73
2019/8/4,87,78,17,20,6,8,87
2019/8/5,133,42,8,15,3,14,133
2019/8/6,88,52,10,14,3,8,88
2019/8/7,62,60,9,15,6,7,62
2019/8/8,67,41,14,12,4,10,67
2019/8/9,28,31,12,20,3,13,31
2019/8/10,40,61,14,26,5,12,61
2019/8/11,85,74,76,25,4,9,85
2019/8/12,84,61,11,25,4,13,84
2019/8/13,85,47,22,26,8,15,85
2019/8/14,91,,,,,,91
2019/8/16,53,12,4,9,2,10,53
2019/8/17,18,29,9,15,3,9,29
2019/8/18,47,66,17,16,2,10,66
2019/8/19,124,77,14,16,4,8,124
2019/8/20,136,107,22,18,5,8,136
2019/8/21,167,103,19,18,3,13,167
2019/8/22,149,121,26,23,5,12,149
2019/8/23,152,127,11,21,6,15,152
2019/8/24,174,49,9,14,4,10,174
2019/8/25,100,47,9,13,5,10,100
2019/8/26,54,89,11,15,8,9,89
2019/8/27,128,75,11,16,9,11,128
2019/8/28,119,69,14,15,4,9,119
2019/8/29,108,77,13,18,8,10,108
2019/8/30,119,107,30,21,6,14,119
2019/8/31,156,52,12,14,3,10,156
2019/9/1,93,72,21,15,5,11,93
2019/9/2,134,94,16,16,4,12,134
2019/9/3,159,90,12,18,6,12,159
2019/9/4,144,63,7,13,5,11,144
2019/9/5,102,67,8,14,6,9,102
2019/9/6,110,79,7,15,5,9,110
2019/9/7,113,57,13,11,5,10,113
2019/9/8,92,97,21,13,4,10,97
2019/9/9,146,108,27,13,6,12,146
2019/9/10,162,129,28,29,6,11,162
2019/9/11,172,88,10,23,6,6,172
2019/9/12,138,58,7,24,4,9,138
2019/9/13,88,54,10,19,4,8,88
2019/9/14,78,53,5,19,2,10,78
2019/9/15,91,104,13,25,3,9,104
2019/9/16,171,109,11,29,3,12,171
2019/9/17,168,63,8,23,4,8,168
2019/9/18,101,47,5,17,8,8,101
2019/9/19,72,68,6,16,7,9,72
2019/9/20,117,84,16,18,10,5,117
2019/9/21,129,48,5,12,3,8,129
2019/9/22,91,52,7,13,6,7,91
2019/9/23,94,69,6,10,4,9,94
2019/9/24,121,58,6,5,3,9,121
2019/9/25,108,43,1,3,3,9,108
2019/9/26,72,34,2,3,2,7,72
2019/9/27,47,43,2,5,4,6,47
2019/9/28,73,25,4,4,5,6,73
2019/9/29,50,47,10,7,3,8,50
2019/9/30,88,59,7,9,5,5,88
2023/7/9,,23,11,12,3,3,23
2023/4/2,,89,45,27,13,5,89
2023/4/16,,153,56,63,11,9,153
2023/5/21,,146,50,32,5,8,146
2022/10/23,,136,5,29,5,1,136
2021/2/5,,98,20,16,5,8,98
2020/7/21,,42,19,20,7,3,42
2020/7/29,,44,11,22,4,6,44
2020/9/8,,74,28,22,4,4,74
2020/4/1,,59,23,12,8,7,59
2020/4/2,,56,22,9,8,6,56
2020/4/3,,54,30,11,9,6,54
2020/4/4,,67,28,14,10,8,67
2020/4/5,,86,32,15,11,10,86
2020/4/6,,91,27,15,9,7,91
2020/4/7,,79,23,11,9,6,79
2020/1/1,,334,12,29,6,27,334
2020/1/2,,262,10,31,8,23,262
2019/10/10,,120,34,29,10,11,120
2019/7/16,,101,2,25,2,6,101
2019/8/15,,46,4,8,3,3,46